{"class_name": "Sequential", "config": {"name": "sequential_3", "layers": [{"class_name": "Embedding", "config": {"name": "embedding_3", "trainable": true, "batch_input_shape": [null, 104], "dtype": "float32", "input_dim": 35179, "output_dim": 50, "embeddings_initializer": {"class_name": "RandomUniform", "config": {"minval": -0.05, "maxval": 0.05, "seed": null}}, "embeddings_regularizer": null, "activity_regularizer": null, "embeddings_constraint": null, "mask_zero": false, "input_length": 104}}, {"class_name": "Dropout", "config": {"name": "dropout_3", "trainable": true, "rate": 0.1, "noise_shape": null, "seed": null}}, {"class_name": "SimpleRNN", "config": {"name": "simple_rnn_1", "trainable": true, "return_sequences": true, "return_state": false, "go_backwards": false, "stateful": false, "unroll": false, "units": 50, "activation": "tanh", "use_bias": true, "kernel_initializer": {"class_name": "VarianceScaling", "config": {"scale": 1.0, "mode": "fan_avg", "distribution": "uniform", "seed": null}}, "recurrent_initializer": {"class_name": "Orthogonal", "config": {"gain": 1.0, "seed": null}}, "bias_initializer": {"class_name": "Zeros", "config": {}}, "kernel_regularizer": null, "recurrent_regularizer": null, "bias_regularizer": null, "activity_regularizer": null, "kernel_constraint": null, "recurrent_constraint": null, "bias_constraint": null, "dropout": 0.0, "recurrent_dropout": 0.0}}, {"class_name": "TimeDistributed", "config": {"name": "time_distributed_1", "trainable": true, "layer": {"class_name": "Dense", "config": {"name": "dense_2", "trainable": true, "units": 18, "activation": "softmax", "use_bias": true, "kernel_initializer": {"class_name": "VarianceScaling", "config": {"scale": 1.0, "mode": "fan_avg", "distribution": "uniform", "seed": null}}, "bias_initializer": {"class_name": "Zeros", "config": {}}, "kernel_regularizer": null, "bias_regularizer": null, "activity_regularizer": null, "kernel_constraint": null, "bias_constraint": null}}}}]}, "keras_version": "2.2.4", "backend": "tensorflow"}